{"Q4aZihPkAdQbUXcTpjcndQ==":"chromata-capture-122x122.png","nsRN1OBQd7pNFelKsaBQOw==":"%D0%B7%D0%B0%D0%B3%D1%80%D1%83%D0%B6%D0%B5%D0%BD%D0%BD%D0%BE%D0%B5-1920x942.png","ZeWjl05TzVD5/nFimRrWqA==":"%D1%84%D0%B8%D0%B3%D0%BD%D1%8F%202.0-510x255.png","rXpWy/eb6Mj8DNoDmcLHEA==":"1-510x282.png","5cvArUejOnv8GP0KyymjTg==":"download-510x282.png","snepYbDR/pIqc7nixwSS/g==":"sh02bcyracw-510x383.jpg","oBrtTa6ibeeCk6Y9+IHPjQ==":"screenshot_2018-05-17-19-27-33-952x571.png","e2HdzYnFH/ZMXUyJZDNybg==":"lfvf-264x485.png","45Oh88QqzJmNiu3LbI8Dkg==":"1-1280x709.png","Vf+CS/vgwWNPOHHOZbYyww==":"xfcjcbvpw1w-436x327.jpeg","kgsTbM70CVAxL3NtOBlnCQ==":"8fd59b1d10b3637cc0976cbea3bf4bbc-480x480.jpg","fPdKpeTqY2zB5dk7z0ROZQ==":"3f786773d47d602292708ceaf0f8c78a-564x423.jpeg"}